{
    "hosts": [
        {
            "name": "Host A",
            "location": {
                "x": 7.840000152587891,
                "y": 0.25999999046325686,
                "z": -1.600000023841858
            }
        },
        {
            "name": "Host B",
            "location": {
                "x": -1.4199999570846558,
                "y": 0.27000001072883608,
                "z": -0.36000001430511477
            }
        },
        {
            "name": "Host C",
            "location": {
                "x": -2.4199999570846558,
                "y": 1.27000001072883608,
                "z": 1.36000001430511477
            }
        }
    ]
}
